"fránck";"l'anglé";"franck_langle@hotmail.fr";"1""Gregorio";"Gonzalez";"fjavi.gonzalez@gmail.com";"1""Adrien";"Maziere";"a.maziere@hotmail.fr";"1""Kevin";"Pestre-sorge ";"kevin.ps@orange.fr";"1""Arnaud";"Marchand";"contact@gidonet.fr";"0""Sébastien";"Préjean";"prejeansebastien@gmail.com";"0""Manuela";"Dutour";"dutour.manu@gmail.com";"0""SEB";"CHALMEY";"contact@akidoor.fr";"0""Xavier";"Gonzalez";"xavier@gonzalez.pm";"1""sophie";"roland";"atelier.eurosieges@gmail.com";"0"